{"schemaVersion":"1.0","appDefinitionTemplate":{"id":"/providers/Microsoft.PowerApps/apps/","type":"Microsoft.PowerApps/apps","tags":{"primaryDeviceWidth":"1366","primaryDeviceHeight":"768","sienaVersion":"20220115T224712Z-3.21123.25.0","deviceCapabilities":"","supportsPortrait":"true","supportsLandscape":"true","primaryFormFactor":"Tablet","publisherVersion":"3.21123.25","minimumRequiredApiVersion":"2.2.0","hasComponent":"false","hasUnlockedComponent":"false","isUnifiedRootApp":"false"},"properties":{"appVersion":"2022-01-15T22:47:12Z","lifeCycleId":"Published","createdByClientVersion":{"major":3,"minor":21123,"build":25,"revision":0,"majorRevision":0,"minorRevision":0},"minClientVersion":{"major":3,"minor":21123,"build":25,"revision":0,"majorRevision":0,"minorRevision":0},"backgroundColor":"RGBA(0,176,240,1)","backgroundImageUri":"/15978927764809645756/Nb94f3a86-afbd-4870-9365-8e0736f8dd8a-logoSmallFile","displayName":"Gestão de Tarefas","description":"","commitMessage":"","appUris":{"documentUri":{"value":"/15978927764809645756/Nbcf28383-53ff-4dd9-a108-2602a9e11492-document.msapp"},"imageUris":[]},"createdTime":"0001-01-01T00:00:00Z","lastModifiedTime":"0001-01-01T00:00:00Z","sharedGroupsCount":0,"sharedUsersCount":0,"icons":{"smallIconUri":"/15978927764809645756/N31b3bcdf-e960-4e8d-b570-f67c4b8445a9-small.png","mediumIconUri":"/15978927764809645756/Nf9443337-7127-4bc8-854b-dcd87965426c-medium.png","largeIconUri":"/15978927764809645756/N94e22e8f-6728-45e6-9abd-b233b6e1a705-large.png","wideIconUri":"/15978927764809645756/N53628ef9-fc3b-45fc-bbf3-68e548e37df5-wide.png"},"connectionReferences":{"98561e9d-e85a-43ff-ab05-986b8abf1731":{"id":"5ef85663-1be6-4180-9897-4f02d48e8189","displayName":"SharePoint","iconUri":"https://connectoricons-prod.azureedge.net/releases/v1.0.1539/1.0.1539.2620/sharepointonline/icon.png","dataSources":["Gestão de Tarefas","SubTarefas"],"dependencies":[],"dependents":[],"parameterHints":{},"parameterHintsV2":{},"isOnPremiseConnection":false,"bypassConsent":false,"dataSets":{"https://snudel.sharepoint.com/sites/GestodeTarefasLeonardo":{"dataSources":{"Gestão de Tarefas":{"tableName":"f4c36399-1d87-479c-b2ad-7d38e9393087"},"SubTarefas":{"tableName":"86a5f6b9-c3e4-43b7-9b61-491a4c7fb2dc"}}}},"apiTier":"Standard","isCustomApiConnection":false,"actions":["providers/PowerPlatform.Governance/Operations/Read","providers/PowerPlatform.Governance/Operations/Write","providers/PowerPlatform.Governance/Operations/Delete"]},"5d2bae04-84ba-4489-8b0d-7602082801b1":{"id":"5ff6ae44-785a-43e9-bb0b-019036e0bb0c","displayName":"Usuários do Office 365","iconUri":"https://connectoricons-prod.azureedge.net/releases/v1.0.1542/1.0.1542.2635/office365users/icon.png","dataSources":["UsuáriosdoOffice365"],"dependencies":[],"dependents":[],"parameterHints":{},"parameterHintsV2":{},"isOnPremiseConnection":false,"bypassConsent":false,"dataSets":{},"apiTier":"Standard","isCustomApiConnection":false,"actions":["MyProfileV2","UserPhotoV2"]}},"databaseReferences":{},"almMode":"Environment","performanceOptimizationEnabled":true,"canConsumeAppPass":true,"executionRestrictions":{"isTeamsOnly":false,"dataLossPreventionEvaluationResult":{"status":"Compliant","lastEvaluationDate":"2021-12-12T01:07:48.7418838Z","violations":[],"violationsByPolicy":[],"violationErrorMessage":"O aplicativo usa os seguintes conectores: shared_sharepointonline."}}},"appType":"ClassicCanvasApp","appComponents":[]}}